{
  "MNO": {
        "GP": ["013", "017"],
        "RB": ["016", "018"],
        "BL": ["014", "019"]
    },
  "TIME_INTERVAL": 30,
  "SMS_TYPE": ["quick", "queue"],
  "DEFAULT_SMS_TYPE": "queue",
  "MASKING": ["CITY BANK", "CITY BANK.", "CITYTOUCH", "CITYTOUCH.", "CITY_AMEX", "CITY_AMEX.", "CITY_VISA", "CITY_VISA."],
  "API_CREDENTIALS": {
    "RB": {"username": "citybank", "password": "Windows@8866", "base_url": "https://api.mobireach.com.bd"},
    "GP": {"username": "CITYBANKadmin", "password": "Dfs@2022", "base_url": "https://gpcmp.grameenphone.com/ecmapigw/webresources/ecmapigw.v2"},
    "BL": {"username": "CityAdmin1234", "password": "cityAPI@019", "base_url": "https://vas.banglalink.net"}
  }
}